;B302004075;B302047407;B9011919;B144799;B2371301;B302003714;B9011899;B144753;B148397;B149079;B147743;B147813;B148411;B147854;B147967;B302003809;B2371142;B302047620;B302003490;B302003491;B302003502;B302004609;B148390;B302004900;B302004963;B302005145;B302005123;B147732;B302003481;B302003605;B302047748;B302040760;B148389;B2366180;B302022703;B2365832;B148472;B302004712;B2371423;B302003523;B302003997;B144883;B147890;B147891;B147892;B147893;B147894;B148187;B148188;B148189;B148190;B148191;B148195;B148200;B148225;B144826;B144827;B144828;B144829;B144830;B144832;B144834;B144835;B144836;B144838;B144840;B144842;B144843;B144844;B144845;B144846;B144848;B144851;B302047285;B140995;B144854;B302003407;B148374;B2365849;B3169117;B148308;B9011601;B148479;B2366128;B2366130;B302004856;B2366364;B3169173;B9039319;B147292;B302005165;B148157;B144780;B2371037;B2370933;B302047376;B148178;B2370935;B148269;B2371345;B148576;B302061490;B302021450;B302023364;B302061489;B302004269;B302047394;B2371154;B302031998;B302031999;B302004277;B302047287;B148193;B302040617;B2371363;B302047541;B2371408;B302022469;B302047278;B144902;B2365831;B9011880;B148145;B148156;B2371397;B147146;B302022521;B9001408;B148504;B2365846;B2371314;B2370982;B302003902;B302003673;B148570;B2371056;B2371136;B9001565;B144910;B9040174;B144764;B144765;B2371471;B2371173;B2371361;B9001281;B9039412;B148278;B144759;B302047398;B144784;B302003492;B147182;B147183;B302003689;B2366282;B302003431;B147108;B302047590
0;-51945.188435540615;-29784.158086365303;-89799.27523378123;-49351.97285518059;-140295.61037388613;;-89486.3311108286;-41063.57086985089;-40055.63478263326;-39946.68191990052;-29681.681502160576;-26262.276996949;-40518.34144566538;-60023.93916429683;-39085.03322248415;-85218.92251237643;-34335.68385162032;-14148.663404948304;-18509.387218669603;-16394.102151344538;-21089.874268840267;;-33357.51081153032;-19038.623383197097;-16284.892882599563;-37850.64785444062;-10459.233042387703;-24400.131462139812;;;;-73500.60114973433;-37239.88238928976;-56060.184659034014;-86533.78636419683;-107578.63996959363;-50450.56739830175;-119064.65498810422;-196226.71278859652;-58597.33507831726;-29881.106919408765;-52910.60679013348;-46224.42813877693;-46062.995529391475;-46499.62419729521;-40064.02668603756;-45433.38522184486;-45989.228923191426;-38057.3896868915;-38038.72288645195;-47293.21509071896;-37090.986781577056;-30164.842001094326;-58970.01579732238;-43646.68588963111;-43285.21697098353;-28009.94353411722;-25256.552476112054;-38962.95829825761;-26864.50888553259;-40073.88696781388;-29970.01440284094;-44584.0876421441;-36130.595926687325;-40480.96264572366;-31977.03161507504;-37891.50767423637;-30488.683401030972;-44661.1962631128;-31966.8044610446;-27227.113120507147;-46877.544678159466;-19239.212127736555;-44817.27801841019;-50588.54472377952;-41118.673887995064;-18661.398672635238;-32277.913591835215;-39269.45879652621;-37839.55546583832;-84838.55528977055;-69059.35160197997;-69791.26268480544;-306128.56015771575;-74575.49509815866;-50232.172686265076;-64256.713230883935;-27718.472322880938;-38448.285344305456;-24549.819620629492;-27613.638560828305;-130817.11465449345;-25993.96421294662;-37088.34656442035;-50191.16687011237;-40065.529744157415;-73574.15073594272;-69365.17742858386;-46040.087249077136;-31055.487071784883;-78658.35952038555;;-9879.126325653766;-18757.465652662744;;;-6041.722788610631;;-23242.651681843963;1225.0;;;-65628.89750379612;;-51331.3703148377;-26437.527559187958;-70654.87410402321;-31318.60719911446;;-58929.78621257072;-40031.777577956425;-169764.62921437155;-103677.19410373415;-64123.950313197536;-103568.43842022501;-142967.27435979134;-16297.587338030595;-347675.8230529213;-69321.05022932538;-99741.92741737039;-42994.17323475339;-67383.98309283961;-70317.77034456794;-34265.89910669767;-108317.10184317321;-33213.99621375915;-57037.37085724294;-45566.490701565934;-98877.62680997692;-43090.316153256936;-138715.21253090052;-158537.30673315292;-157068.0105442112;-97886.95767075555;-50460.83302727531;-141652.4907959717;-46590.9026536928;-35403.27529842642;-28170.305468013827;-16480.15683658463;-17374.012176578613;-16578.98769064691;-33213.52192352135;-32838.52192352135;-21154.101057785225;;-24977.54181458205;-21843.392555318333;-18768.07714483171
1;-50305.4975264497;-28859.635359092576;-87031.61614287214;-47783.57285518058;-135945.61037388613;;-86599.52201991952;-39780.33450621452;-38808.043873542345;-38699.09101080961;-28747.13604761512;-25435.072451494456;-39256.70508202901;-58124.12098247866;-37873.08776793869;-82362.9338760128;-33230.67476071123;-13715.45885949376;-17952.40994594233;-15899.011242253631;-20444.056087022083;;-32288.14717516669;-18446.623383197097;-15789.801973508655;-36635.73876353153;-10146.687587842249;-23621.586007594356;;;;-71056.81705882524;-36071.70057110795;-54313.55738630674;-83648.35454601502;-104131.28542413907;-48772.39467102902;-115139.65498810422;-189651.71278859652;-56729.1805328627;-28946.56146486331;-51200.77042649712;-44869.33722968602;-44707.904620300564;-45144.5332882043;-38849.117595128475;-44078.857949117584;-44634.70165046415;-36935.93514143696;-36917.268340997405;-45903.04236344622;-35985.97769066796;-29230.29654654887;-57259.03397914056;-42338.32225326747;-42037.62606189262;-27182.738988662677;-24478.0070215666;-37822.30375280306;-26037.304340078044;-38858.97787690479;-29094.1507664773;-43265.20582396228;-35055.86865396005;-39233.37173663275;-30995.758887802313;-36786.49858332727;-29564.160673758244;-43399.55989947643;-30985.531733771873;-26399.908575052603;-45487.37195088673;-18647.212127736555;-43427.10529113745;-48984.49926923407;-39810.310251631425;-18104.421399907966;-31249.913591835215;-38021.8678874353;-36627.61001129286;-82247.55528977055;-66779.56978379814;-67701.46268480543;-296853.56015771575;-72327.37691634048;-48663.77268626507;-62135.24959452028;-26842.6086865173;-37233.37625339637;-23796.365075174945;-26737.774924464666;-126742.11465449345;-25166.759667492075;-35912.04656442035;-48587.121415566915;-38782.29338052105;-71357.69619048818;-67275.37742858386;-44578.6236127135;-30074.214344512155;-75979.029974931;;-9569.694507471948;-18200.488379935472;;;-5854.298561337904;;-22543.015318207596;1225.0;;;-63507.43386743247;;-49621.53395120134;-25610.323013733414;-68565.07410402321;-30337.334471841732;;-57029.96803075254;-38770.14121432006;-164614.62921437155;-100650.2486491887;-62224.13213137936;-100541.49296567956;-138642.27435979134;-15802.496428939687;-337200.8230529213;-67262.91386568901;-96827.09105373402;-41746.58232566248;-65389.1740019305;-67932.87261729522;-33191.171833970395;-105150.02002499139;-32139.26894103188;-55169.21631178838;-44140.67251974775;-95654.49044634057;-41735.78888052966;-134315.21253090052;-153512.30673315292;-152093.0105442112;-94691.84857984645;-48892.4330272753;-136927.4907959717;-45129.43901732916;-34281.82075297188;-27294.441831650187;-15985.065927493717;-16835.830358396794;-16083.896781556004;-32185.52192352135;-31810.52192352135;-20508.28287596704;;-24198.996360036595;-21197.57437350015;-18211.099872104438
2;-48665.806617358794;-27935.112631819848;-84263.95705196304;-46215.172855180586;-131595.61037388613;;-83712.71292901042;-38497.098142578165;-37560.45296445144;-37451.5001017187;-27812.590593069664;-24607.86790603991;-37995.06871839265;-56224.30280066048;-36661.14231339324;-79506.94523964915;-32125.66566980215;-13282.254314039212;-17395.432673215055;-15403.92033316272;-19798.237905203907;;-31218.783538803058;-17854.623383197097;-15294.711064417743;-35420.829672622436;-9834.142133296793;-22843.040553048904;;;;-68613.03296791614;-34903.518752926124;-52566.93011357947;-80762.92272783318;-100683.93087868455;-47094.22194375629;-111214.65498810422;-183076.71278859652;-54861.025987408175;-28012.016010317853;-49490.93406286075;-43514.24632059511;-43352.81371120966;-43789.442379113396;-37634.20850421938;-42724.33067639032;-43280.17437773688;-35814.480595982415;-35795.81379554286;-44512.8696361735;-34880.968599758875;-28295.751092003415;-55548.052160958745;-41029.95861690384;-40790.03515280171;-26355.534443208133;-23699.461567021146;-36681.64920734852;-25210.0997946235;-37644.068785995696;-28218.28713011367;-41946.324005780465;-33981.14138123278;-37985.78082754184;-30014.486160529585;-35681.489492418186;-28639.637946485516;-42137.92353584007;-30004.259006499145;-25572.70402959806;-44097.19922361401;-18055.212127736555;-42036.93256386473;-47380.453814688626;-38501.94661526779;-17547.44412718069;-30221.913591835215;-36774.276978344395;-35415.66455674741;-79656.55528977053;-64499.78796561633;-65611.66268480544;-287578.56015771575;-70079.2587345223;-47095.37268626507;-60013.78595815666;-25966.745050153666;-36018.46716248727;-23042.910529720404;-25861.911288101033;-122667.11465449345;-24339.55512203753;-34735.746564420355;-46983.07596102147;-37499.05701688469;-69141.24164503363;-65185.57742858387;-43117.15997634987;-29092.941617239427;-73299.70042947645;;-9260.262689290128;-17643.511107208196;;;-5666.874334065176;;-21843.37895457124;1225.0;;;-61385.970231068844;;-47911.69758756497;-24783.11846827887;-66475.27410402322;-29356.061744569004;;-55130.149848934365;-37508.5048506837;-159464.62921437155;-97623.30319464325;-60324.31394956118;-97514.54751113411;-134317.27435979134;-15307.405519848775;-326725.8230529213;-65204.77750205265;-93912.25469009767;-40498.991416571575;-63394.36491102142;-65547.97489002248;-32116.444561243123;-101982.93820680957;-31064.54166830461;-53301.061766333856;-42714.85433792957;-92431.35408270422;-40381.26160780239;-129915.21253090052;-148487.30673315292;-147118.0105442112;-91496.73948893735;-47324.033027275305;-132202.4907959717;-43667.97538096553;-33160.366207517334;-26418.578195286555;-15489.975018402805;-16297.64854021498;-15588.805872465093;-31157.52192352135;-30782.52192352135;-19862.464694148865;;-23420.450905491143;-20551.756191681972;-17654.122599377162
3;-47026.11570826788;-27010.58990454712;-81496.29796105395;-44646.772855180585;-127245.61037388617;;-80825.90383810134;-37213.8617789418;-36312.86205536053;-36203.90919262779;-26878.04513852421;-23780.66336058536;-36733.43235475628;-54324.48461884229;-35449.19685884778;-76650.95660328552;-31020.656578893057;-12849.049768584668;-16838.455400487783;-14908.829424071811;-19152.419723385723;;-30149.41990243942;-17262.623383197097;-14799.620155326835;-34205.92058171335;-9521.596678751339;-22064.49509850345;;;;-66169.24887700705;-33735.33693474431;-50820.30284085219;-77877.49090965137;-97236.57633323;-45416.04921648356;-107289.65498810422;-176501.71278859652;-52992.87144195362;-27077.470555772397;-47781.09769922439;-42159.1554115042;-41997.72280211875;-42434.351470022484;-36419.29941331029;-41369.803403663034;-41925.6471050096;-34693.026050527864;-34674.35925008831;-43122.69690890077;-33775.95950884978;-27361.20563745796;-53837.07034277692;-39721.5949805402;-39542.4442437108;-25528.32989775358;-22920.91611247569;-35540.99466189397;-24382.89524916895;-36429.15969508661;-27342.42349375003;-40627.442187598645;-32906.41410850551;-36738.18991845093;-29033.213433256857;-34576.48040150909;-27715.11521921279;-40876.2871722037;-29022.986279226418;-24745.499484143507;-42707.02649634128;-17463.212127736555;-40646.759836592;-45776.408360143156;-37193.58297890415;-16990.466854453418;-29193.913591835215;-35526.68606925348;-34203.719102201954;-77065.55528977055;-62220.00614743451;-63521.86268480545;-278303.56015771575;-67831.14055270412;-45526.97268626507;-57892.32232179302;-25090.881413790026;-34803.55807157818;-22289.455984265856;-24986.047651737394;-118592.11465449345;-23512.35057658298;-33559.44656442035;-45379.030506476;-36215.820653248324;-66924.78709957909;-63095.77742858387;-41655.69633998623;-28111.6688899667;-70620.3708840219;;-8950.83087110831;-17086.533834480924;;;-5479.450106792449;;-21143.74259093487;1225.0;;;-59264.506594705206;;-46201.86122392861;-23955.91392282432;-64385.474104023204;-28374.789017296276;;-53230.331667116174;-36246.86848704733;-154314.62921437155;-94596.3577400978;-58424.49576774299;-94487.60205658866;-129992.27435979132;-14812.314610757867;-316250.8230529213;-63146.641138416286;-90997.41832646131;-39251.40050748066;-61399.55582011232;-63163.077162749745;-31041.71728851585;-98815.85638862776;-29989.814395577338;-51432.9072208793;-41289.03615611139;-89208.21771906783;-39026.73433507511;-125515.21253090052;-143462.30673315292;-142143.0105442112;-88301.63039802828;-45755.633027275304;-127477.49079597175;-42206.51174460189;-32038.91166206279;-25542.714558922915;-14994.884109311897;-15759.46672203316;-15093.714963374185;-30129.52192352135;-29754.52192352135;-19216.64651233068;;-22641.905450945687;-19905.93800986379;-17097.14532664989
4;-45386.42479917697;-26086.0671772744;-78728.63887014486;-43078.37285518059;-122895.61037388617;;-77939.09474719224;-35930.62541530544;-35065.271146269624;-34956.318283536886;-25943.499683978753;-22953.458815130823;-35471.79599111992;-52424.6664370241;-34237.25140430233;-73794.96796692189;-29915.64748798397;-12415.845223130123;-16281.47812776051;-14413.738514980903;-18506.60154156754;;-29080.056266075786;-16670.623383197093;-14304.529246235927;-32991.01149080425;-9209.051224205885;-21285.949643957996;;;;-63725.46478609796;-32567.155116562488;-49073.67556812492;-74992.05909146956;-93789.22178777544;-43737.87648921083;-103364.65498810422;-169926.71278859652;-51124.71689649906;-26142.92510122694;-46071.261335588024;-40804.06450241329;-40642.631893027836;-41079.26056093157;-35204.390322401196;-40015.27613093577;-40571.11983228233;-33571.57150507332;-33552.904704633766;-41732.52418162805;-32670.950417940698;-26426.660182912503;-52126.08852459511;-38413.231344176565;-38294.8533346199;-24701.125352299045;-22142.370657930238;-34400.34011643943;-23555.690703714412;-35214.25060417751;-26466.559857386397;-39308.56036941683;-31831.68683577823;-35490.59900936003;-28051.94070598413;-33471.471310600005;-26790.592491940068;-39614.65080856734;-28041.71355195369;-23918.29493868897;-41316.853769068555;-16871.21212773655;-39256.587109319276;-44172.362905597714;-35885.21934254052;-16433.489581726146;-28165.913591835215;-34279.09516016258;-32991.773647656504;-74474.55528977055;-59940.224329252684;-61432.062684805445;-269028.56015771575;-65583.02237088593;-43958.57268626508;-55770.85868542938;-24215.017777426394;-33588.64898066909;-21536.00143881131;-24110.18401537376;-114517.11465449345;-22685.146031128443;-32383.14656442035;-43774.98505193056;-34932.584289611965;-64708.33255412453;-61005.977428583865;-40194.2327036226;-27130.39616269397;-67941.04133856737;;-8641.399052926494;-16529.556561753652;;;-5292.025879519722;;-20444.106227298507;1225.0;;;-57143.04295834157;;-44492.024860292244;-23128.70937736978;-62295.6741040232;-27393.51629002355;;-51330.51348529798;-34985.23212341097;-149164.62921437155;-91569.41228555233;-56524.6775859248;-91460.6566020432;-125667.27435979132;-14317.223701666959;-305775.8230529213;-61088.50477477992;-88082.58196282494;-38003.80959838976;-59404.74672920322;-60778.179435477025;-29966.99001578857;-95648.77457044595;-28915.08712285006;-49564.752675424745;-39863.21797429321;-85985.08135543148;-37672.20706234784;-121115.21253090052;-138437.30673315292;-137168.0105442112;-85106.52130711918;-44187.23302727531;-122752.49079597175;-40745.04810823826;-30917.457116608246;-24666.850922559282;-14499.79320022099;-15221.28490385134;-14598.624054283277;-29101.52192352135;-28726.52192352135;-18570.828330512497;;-21863.359996400235;-19260.119828045605;-16540.168053922618
5;-43746.73389008606;-25161.54445000167;-75960.97977923579;-41509.97285518059;-118545.61037388617;;-75052.28565628313;-34647.38905166907;-33817.68023717871;-33708.727374445974;-25008.954229433304;-22126.254269676272;-34210.15962748356;-50524.848255205936;-33025.30594975687;-70938.97933055826;-28810.638397074876;-11982.640677675576;-15724.500855033242;-13918.647605889995;-17860.78335974936;;-28010.692629712154;-16078.623383197099;-13809.438337145019;-31776.10239989517;-8896.50576966043;-20507.40418941254;;;;-61281.68069518889;-31398.97329838067;-47327.048295397646;-72106.62727328774;-90341.86724232089;-42059.70376193811;-99439.65498810422;-163351.71278859652;-49256.56235104454;-25208.379646681493;-44361.424971951674;-39448.973593322386;-39287.54098393693;-39724.16965184067;-33989.481231492115;-38660.74885820849;-39216.59255955506;-32450.116959618786;-32431.450159179225;-40342.35145435532;-31565.941327031604;-25492.114728367054;-50415.10670641328;-37104.86770781293;-37047.262425528985;-23873.920806844493;-21363.825203384782;-33259.68557098488;-22728.48615825986;-33999.34151326843;-25590.696221022758;-37989.67855123501;-30756.959563050965;-34243.008100269115;-27070.667978711408;-32366.462219690908;-25866.06976466734;-38353.01444493098;-27060.44082468097;-23091.09039323442;-39926.681041795826;-16279.212127736555;-37866.41438204655;-42568.31745105225;-34576.85570617689;-15876.512308998874;-27137.913591835215;-33031.50425107167;-31779.828193111043;-71883.55528977055;-57660.44251107088;-59342.26268480546;-259753.56015771575;-63334.90418906776;-42390.172686265076;-53649.39504906576;-23339.154141062754;-32373.73988976001;-20782.546893356764;-23234.32037901012;-110442.11465449345;-21857.94148567389;-31206.846564420346;-42170.9395973851;-33649.3479259756;-62491.87800867;-58916.17742858388;-38732.76906725895;-26149.12343542125;-65261.71179311283;;-8331.967234744676;-15972.579289026386;;;-5104.601652246995;;-19744.469863662147;1225.0;;;-55021.579321977944;;-42782.188496655894;-22301.50483191523;-60205.87410402321;-26412.243562750828;;-49430.69530347982;-33723.59575977461;-144014.62921437155;-88542.46683100687;-54624.85940410664;-88433.71114749773;-121342.27435979132;-13822.13279257605;-295300.8230529213;-59030.368411143565;-85167.74559918857;-36756.21868929885;-57409.93763829414;-58393.281708204304;-28892.262743061307;-92481.6927522641;-27840.359850122793;-47696.59812997022;-38437.39979247503;-82761.9449917951;-36317.67978962057;-116715.21253090052;-133412.30673315292;-132193.0105442112;-81911.41221621007;-42618.83302727531;-118027.49079597175;-39283.584471874616;-29796.00257115371;-23790.987286195643;-14004.702291130081;-14683.103085669527;-14103.533145192368;-28073.52192352135;-27698.52192352135;-17925.010148694317;;-21084.81454185478;-18614.301646227424;-15983.190781195352
6;-42107.04298099515;-24237.021722728936;-73193.32068832667;-39941.57285518058;-114195.61037388617;;-72165.47656537405;-33364.15268803271;-32570.089328087808;-32461.136465355066;-24074.40877488785;-21299.049724221728;-32948.52326384719;-48625.030073387745;-31813.360495211407;-68082.99069419461;-27705.62930616578;-11549.436132221032;-15167.523582305963;-13423.556696799084;-17214.965177931175;;-26941.328993348514;-15486.623383197099;-13314.347428054107;-30561.19330898607;-8583.960315114975;-19728.858734867084;;;;-58837.89660427977;-30230.791480198848;-45580.42102267037;-69221.19545510592;-86894.51269686634;-40381.53103466538;-95514.65498810422;-156776.71278859652;-47388.40780558998;-24273.834192136037;-42651.5886083153;-38093.882684231474;-37932.45007484602;-38369.078742749756;-32774.57214058301;-37306.22158548122;-37862.06528682778;-31328.662414164228;-31309.995613724666;-38952.17872708259;-30460.93223612251;-24557.5692738216;-48704.12488823146;-35796.504071449286;-35799.67151643807;-23046.71626138995;-20585.279748839326;-32119.031025530334;-21901.281612805316;-32784.43242235933;-24714.832584659125;-36670.79673305318;-29682.232290323685;-32995.4171911782;-26089.395251438673;-31261.453128781814;-24941.547037394605;-37091.37808129461;-26079.168097408234;-22263.885847779875;-38536.5083145231;-15687.212127736555;-36476.24165477382;-40964.271996506795;-33268.49206981324;-15319.535036271594;-26109.913591835215;-31783.913341980755;-30567.882738565586;-69292.55528977055;-55380.660692889054;-57252.462684805454;-250478.56015771575;-61086.78600724957;-40821.77268626507;-51527.931412702106;-22463.29050469912;-31158.830798850908;-20029.09234790222;-22358.45674264649;-106367.11465449345;-21030.736940219347;-30030.546564420343;-40566.89414283964;-32366.111562339232;-60275.423463215455;-56826.37742858387;-37271.305430895314;-25167.850708148515;-62582.38224765827;;-8022.535416562854;-15415.602016299106;;;-4917.1774249742675;;-19044.83350002578;1225.0;;;-52900.11568561429;;-41072.35213301952;-21474.300286460686;-58116.07410402321;-25430.970835478092;;-47530.87712166163;-32461.959396138238;-138864.62921437155;-85515.52137646142;-52725.04122228845;-85406.76569295228;-117017.27435979132;-13327.041883485139;-284825.8230529213;-56972.2320475072;-82252.9092355522;-35508.627780207935;-55415.128547385044;-56008.38398093157;-27817.535470334027;-89314.61093408229;-26765.632577395514;-45828.44358451566;-37011.581610656845;-79538.80862815873;-34963.15251689329;-112315.21253090052;-128387.30673315289;-127218.0105442112;-78716.30312530098;-41050.4330272753;-113302.49079597175;-37822.12083551098;-28674.54802569915;-22915.12364983201;-13509.61138203917;-14144.921267487704;-13608.442236101457;-27045.52192352135;-26670.52192352135;-17279.191966876133;;-20306.269087309323;-17968.48346440924;-15426.213508468072
7;-40467.35207190425;-23312.498995456208;-70425.6615974176;-38373.172855180586;-109845.61037388617;;-69278.66747446495;-32080.91632439634;-31322.498418996904;-31213.545556264162;-23139.8633203424;-20471.84517876718;-31686.886900210833;-46725.211891569554;-30601.415040665957;-65227.002057830985;-26600.620215256695;-11116.231586766486;-14610.546309578694;-12928.465787708175;-16569.146996112995;;-25871.96535698488;-14894.623383197099;-12819.256518963199;-29346.284218076988;-8271.41486056952;-18950.31328032163;;;;-56394.112513370696;-29062.609662017032;-43833.79374994311;-66335.7636369241;-83447.1581514118;-38703.35830739265;-91589.65498810422;-150201.71278859652;-45520.25326013544;-23339.28873759059;-40941.75224467893;-36738.79177514057;-36577.359165755115;-37013.98783365885;-31559.663049673934;-35951.69431275395;-36507.538014100515;-30207.20786870969;-30188.54106827013;-37562.005999809866;-29355.923145213423;-23623.02381927615;-46993.14307004965;-34488.140435085654;-34552.08060734717;-22219.5117159354;-19806.73429429387;-30978.376480075793;-21074.07706735077;-31569.523331450244;-23838.968948295485;-35351.91491487137;-28607.50501759642;-31747.826282087302;-25108.122524165952;-30156.444037872727;-24017.024310121877;-35829.74171765825;-25097.895370135513;-21436.681302325327;-37146.335587250374;-15095.212127736555;-35086.068927501095;-39360.22654196135;-31960.128433449605;-14762.557763544326;-25081.913591835215;-30536.32243288985;-29355.937284020136;-66701.55528977055;-53100.87887470724;-55162.66268480544;-241203.56015771575;-58838.66782543139;-39253.37268626507;-49406.46777633847;-21587.426868335482;-29943.921707941827;-19275.637802447673;-21482.59310628285;-102292.11465449345;-20203.5323947648;-28854.246564420348;-38962.848688294194;-31082.875198702874;-58058.968917760896;-54736.577428583856;-35809.84179453168;-24186.577980875794;-59903.05270220373;;-7713.103598381036;-14858.624743571838;;;-4729.753197701541;;-18345.19713638942;1225.0;;;-50778.65204925065;;-39362.51576938315;-20647.09574100614;-56026.27410402319;-24449.69810820537;;-45631.05893984344;-31200.323032501878;-133714.62921437155;-82488.57592191595;-50825.22304047026;-82379.82023840681;-112692.27435979132;-12831.95097439423;-274350.8230529213;-54914.09568387083;-79338.07287191584;-34261.03687111703;-53420.31945647595;-53623.48625365885;-26742.808197606762;-86147.52911590047;-25690.90530466825;-43960.28903906112;-35585.76342883867;-76315.67226452238;-33608.625244166025;-107915.21253090052;-123362.30673315289;-122243.0105442112;-75521.1940343919;-39482.033027275305;-108577.49079597175;-36360.65719914735;-27553.093480244614;-22039.26001346837;-13014.520472948261;-13606.739449305887;-13113.351327010549;-26017.52192352135;-25642.52192352135;-16633.373785057953;;-19527.723632763867;-17322.66528259106;-14869.236235740804
8;-38827.66116281333;-22387.976268183487;-67658.0025065085;-36804.772855180585;-105495.61037388617;;-66391.85838355587;-30797.679960759975;-30074.907509905992;-29965.95464717325;-22205.317865796944;-19644.640633312636;-30425.250536574473;-44825.39370975139;-29389.4695861205;-62371.01342146735;-25495.6111243476;-10683.02704131194;-14053.569036851422;-12433.374878617267;-15923.328814294811;;-24802.601720621242;-14302.623383197099;-12324.16560987229;-28131.375127167892;-7958.869406024067;-18171.767825776176;;;;-53950.32842246161;-27894.427843835216;-42087.166477215826;-63450.331818742285;-79999.80360595726;-37025.18558011993;-87664.65498810422;-143626.71278859652;-43652.0987146809;-22404.743283045133;-39231.91588104258;-35383.70086604966;-35222.2682566642;-35658.89692456794;-30344.75395876484;-34597.167040026674;-35153.01074137324;-29085.753323255147;-29067.086522815585;-36171.83327253714;-28250.91405430433;-22688.478364730694;-45282.16125186783;-33179.77679872202;-33304.48969825626;-21392.307170480857;-19028.188839748418;-29837.721934621244;-20246.872521896224;-30354.61424054115;-22963.10531193185;-34033.03309668955;-27532.77774486914;-30500.23537299639;-24126.849796893224;-29051.434946963633;-23092.501582849156;-34568.10535402189;-24116.622642862785;-20609.476756870783;-35756.162859977645;-14503.212127736555;-33695.896200228366;-37756.18108741589;-30651.764797085973;-14205.580490817054;-24053.913591835215;-29288.73152379894;-28143.99182947468;-64110.55528977056;-50821.097056525425;-53072.86268480545;-231928.56015771575;-56590.54964361321;-37684.97268626507;-47285.004139974844;-20711.563231971846;-28729.01261703273;-18522.18325699313;-20606.729469919213;-98217.11465449345;-19376.327849310255;-27677.946564420345;-37358.80323374874;-29799.638835066507;-55842.51437230637;-52646.77742858387;-34348.378158168045;-23205.305253603066;-57223.7231567492;;-7403.67178019922;-14301.647470844566;;;-4542.328970428814;;-17645.560772753055;1225.0;;;-48657.18841288703;;-37652.6794057468;-19819.891195551594;-53936.474104023204;-23468.425380932644;;-43731.24075802528;-29938.686668865517;-128564.62921437154;-79461.6304673705;-48925.404858652095;-79352.87478386136;-108367.27435979132;-12336.860065303323;-263875.8230529213;-52855.95932023448;-76423.23650827949;-33013.44596202612;-51425.510365566864;-51238.58852638613;-25668.080924879483;-82980.44729771865;-24616.17803194097;-42092.13449360658;-34159.94524702048;-73092.53590088601;-32254.09797143875;-103515.21253090052;-118337.30673315289;-117268.0105442112;-72326.08494348281;-37913.633027275304;-103852.49079597175;-34899.19356278371;-26431.63893479007;-21163.396377104735;-12519.429563857353;-13068.557631124071;-12618.26041791964;-24989.52192352135;-24614.52192352135;-15987.55560323977;;-18749.178178218415;-16676.847100772877;-14312.258963013532
9;-37187.97025372243;-21463.45354091076;-64890.343415599404;-35236.37285518059;-101145.61037388617;;-63505.04929264677;-29514.443597123616;-28827.316600815087;-28718.363738082346;-21270.772411251488;-18817.436087858096;-29163.614172938105;-42925.5755279332;-28177.52413157505;-59515.024785103706;-24390.602033438514;-10249.822495857392;-13496.591764124147;-11938.283969526356;-15277.510632476628;;-23733.23808425761;-13710.623383197099;-11829.074700781379;-26916.466036258804;-7646.323951478611;-17393.222371230724;;;;-51506.544331552504;-26726.2460256534;-40340.53920448856;-60564.90000056045;-76552.44906050272;-35347.0128528472;-83739.65498810422;-137051.71278859652;-41783.94416922634;-21470.197828499677;-37522.07951740621;-34028.609956958746;-33867.17734757329;-34303.80601547703;-29129.84486785575;-33242.639767299406;-33798.48346864597;-27964.298777800595;-27945.631977361034;-34781.660545264414;-27145.90496339524;-21753.932910185238;-43571.17943368602;-31871.41316235838;-32056.898789165352;-20565.102625026317;-18249.643385202966;-28697.067389166703;-19419.667976441684;-29139.70514963206;-22087.241675568217;-32714.15127850774;-26458.05047214187;-29252.644463905486;-23145.577069620496;-27946.425856054546;-22167.978855576428;-33306.468990385525;-23135.349915590057;-19782.272211416242;-34365.99013270492;-13911.212127736555;-32305.723472955644;-36152.13563287044;-29343.401160722333;-13648.603218089778;-23025.913591835215;-28041.140614708034;-26932.04637492923;-61519.55528977054;-48541.315238343595;-50983.062684805445;-222653.56015771575;-54342.43146179503;-36116.57268626508;-45163.540503611206;-19835.699595608214;-27514.103526123643;-17768.72871153858;-19730.86583355558;-94142.11465449345;-18549.123303855715;-26501.64656442035;-35754.75777920329;-28516.40247143015;-53626.05982685181;-50556.977428583865;-32886.914521804414;-22224.03252633034;-54544.393611294625;;-7094.2399620174;-13744.67019811729;;;-4354.904743156086;;-16945.924409116687;1225.0;;;-46535.72477652339;;-35942.84304211043;-18992.686650097054;-51846.6741040232;-22487.152653659916;;-41831.422576207086;-28677.05030522915;-123414.62921437154;-76434.68501282505;-47025.586676833904;-76325.92932931591;-104042.27435979132;-11841.769156212411;-253400.82305292122;-50797.82295659811;-73508.40014464312;-31765.855052935218;-49430.70127465777;-48853.69079911338;-24593.35365215221;-79813.36547953685;-23541.450759213698;-40223.97994815203;-32734.1270652023;-69869.39953724966;-30899.570698711483;-99115.21253090052;-113312.30673315289;-112293.0105442112;-69130.97585257373;-36345.23302727531;-99127.49079597175;-33437.72992642008;-25310.184389335518;-20287.532740741102;-12024.338654766441;-12530.375812942251;-12123.169508828729;-23961.52192352135;-23586.52192352135;-15341.737421421587;;-17970.632723672963;-16031.028918954695;-13755.281690286256
10;-35548.27934463152;-20538.93081363803;-62122.684324690315;-33667.97285518059;-96795.61037388617;;-60618.24020173767;-28231.207233487243;-27579.725691724176;-27470.772828991434;-20336.226956706032;-17990.231542403548;-27901.977809301745;-41025.75734611501;-26965.578677029593;-56659.03614874007;-23285.59294252942;-9816.617950402848;-12939.614491396875;-11443.193060435447;-14631.692450658447;;-22663.87444789397;-13118.623383197099;-11333.98379169047;-25701.55694534971;-7333.778496933157;-16614.67691668527;;;;-49062.760240643416;-25558.064207471576;-38593.911931761286;-57679.46818237864;-73105.09451504817;-33668.84012557447;-79814.65498810422;-130476.7127885965;-39915.78962377179;-20535.65237395422;-35812.24315376984;-32673.519047867838;-32512.08643848239;-32948.715106386124;-27914.935776946655;-31888.112494572135;-32443.956195918694;-26842.84423234605;-26824.17743190649;-33391.48781799168;-26040.895872486148;-20819.387455639782;-41860.19761550419;-30563.04952599475;-30809.30788007444;-19737.89807957177;-17471.09793065751;-27556.412843712154;-18592.463430987136;-27924.796058722965;-21211.37803920458;-31395.26946032592;-25383.323199414597;-28005.053554814574;-22164.30434234777;-26841.41676514545;-21243.4561283037;-32044.832626749172;-22154.07718831733;-18955.067665961695;-32975.817405432186;-13319.212127736555;-30915.550745682907;-34548.09017832498;-28035.0375243587;-13091.625945362506;-21997.913591835215;-26793.549705617123;-25720.10092038377;-58928.55528977056;-46261.53342016178;-48893.26268480544;-213378.56015771575;-52094.313279976835;-34548.172686265076;-43042.07686724755;-18959.835959244578;-26299.194435214547;-17015.274166084037;-18855.002197191945;-90067.11465449345;-17721.918758401167;-25325.346564420346;-34150.71232465783;-27233.166107793775;-51409.605281397264;-48467.17742858386;-31425.450885440783;-21242.75979905761;-51865.064065840095;;-6784.808143835582;-13187.692925390018;;;-4167.480515883359;;-16246.288045480325;1225.0;;;-44414.26114015974;;-34233.00667847406;-18165.482104642506;-49756.8741040232;-21505.879926387188;;-39931.604394388894;-27415.41394159279;-118264.62921437154;-73407.7395582796;-45125.76849501571;-73298.98387477046;-99717.27435979132;-11346.678247121503;-242925.82305292122;-48739.68659296173;-70593.56378100676;-30518.264143844306;-47435.892183748685;-46468.79307184066;-23518.62637942494;-76646.28366135503;-22466.723486486426;-38355.825402697476;-31308.308883384118;-66646.26317361329;-29545.043425984208;-94715.21253090052;-108287.30673315289;-107318.0105442112;-65935.86676166464;-34776.83302727531;-94402.49079597175;-31976.266290056443;-24188.729843880974;-19411.669104377466;-11529.247745675533;-11992.193994760431;-11628.07859973782;-22933.52192352135;-22558.52192352135;-14695.919239603407;;-17192.087269127507;-15385.210737136515;-13198.304417558984
11;-33908.588435540616;-19614.408086365303;-59355.02523378123;-32099.572855180588;-92445.61037388617;;-57731.43111082859;-26947.970869850884;-26332.13478263327;-26223.18191990053;-19401.681502160576;-17163.026996949;-26640.341445665377;-39125.93916429685;-25753.633222484143;-53803.04751237644;-22180.583851620333;-9383.413404948304;-12382.637218669603;-10948.10215134454;-13985.874268840267;;-21594.510811530337;-12526.623383197099;-10838.892882599563;-24486.64785444062;-7021.233042387703;-15836.131462139816;;;;-46618.97614973433;-24389.88238928976;-36847.28465903402;-54794.03636419683;-69657.73996959363;-31990.66739830175;-75889.65498810422;-123901.7127885965;-38047.63507831726;-19601.106919408765;-34102.406790133486;-31318.428138776926;-31156.99552939148;-31593.62419729522;-26700.026686037567;-30533.585221844867;-31089.428923191426;-25721.389686891507;-25702.722886451946;-32001.315090718956;-24935.88678157706;-19884.842001094326;-40149.21579732238;-29254.68588963111;-29561.716970983536;-18910.69353411722;-16692.552476112054;-26415.758298257613;-17765.25888553259;-26709.886967813876;-20335.51440284094;-30076.387642144105;-24308.595926687325;-26757.46264572367;-21183.03161507504;-25736.407674236365;-20318.933401030972;-30783.196263112804;-21172.8044610446;-18127.863120507147;-31585.644678159464;-12727.212127736555;-29525.378018410185;-32944.04472377953;-26726.67388799506;-12534.648672635234;-20969.913591835215;-25545.958796526218;-24508.15546583832;-56337.55528977056;-43981.751601979966;-46803.462684805454;-204103.56015771575;-49846.19509815867;-32979.77268626508;-40920.61323088393;-18083.972322880938;-25084.28534430546;-16261.819620629496;-17979.138560828305;-85992.11465449345;-16894.71421294662;-24149.04656442035;-32546.66687011238;-25949.929744157416;-49193.15073594272;-46377.37742858387;-29963.987249077152;-20261.487071784883;-49185.73452038555;;-6475.376325653764;-12630.715652662746;;;-3980.0562886106322;;-15546.651681843961;1225.0;;;-42292.797503796115;;-32523.170314837702;-17338.277559187958;-47667.07410402321;-20524.60719911446;;-38031.786212570725;-26153.77757795642;-113114.62921437154;-70380.79410373415;-43225.95031319754;-70272.03842022501;-95392.27435979132;-10851.587338030595;-232450.82305292122;-46681.550229325374;-67678.72741737039;-29270.6732347534;-45441.0830928396;-44083.895344567936;-22443.899106697667;-73479.20184317321;-21391.996213759154;-36487.67085724294;-29882.49070156594;-63423.12680997693;-28190.51615325694;-90315.21253090052;-103262.30673315289;-102343.0105442112;-62740.75767075555;-33208.433027275314;-89677.49079597175;-30514.802653692812;-23067.27529842643;-18535.805468013827;-11034.156836584625;-11454.012176578615;-11132.987690646913;-21905.52192352135;-21530.52192352135;-14050.101057785227;;-16413.54181458205;-14739.392555318334;-12641.327144831712
12;-49508.8975264497;-29029.885359092576;-90147.36614287214;-47091.172855180586;-141695.61037388613;;-87144.62201991951;-39504.734506214525;-38584.54387354235;-38475.591010809614;-29267.13604761512;-25755.822451494452;-39398.70508202901;-59226.12098247866;-37701.68776793869;-85527.0588760128;-33215.57476071123;-13770.20885949376;-17565.65994594233;-15733.011242253631;-20460.056087022083;;-32325.147175166698;-18594.623383197097;-15623.801973508655;-36831.73876353153;-10148.687587842247;-24017.586007594356;;;;-73995.19205882524;-36321.70057110795;-53360.65738630674;-86828.60454601502;-104510.3854241391;-49932.49467102902;-120464.65498810422;-197626.71278859652;-57839.480532862704;-29466.56146486331;-52352.570426497114;-44903.33722968602;-44741.904620300564;-45178.5332882043;-39045.117595128475;-43699.05794911759;-44254.901650464155;-37239.93514143696;-37221.268340997405;-45471.142363446226;-35970.87769066796;-29750.29654654887;-56358.233979140554;-42426.32225326747;-41814.126061892624;-27503.488988662673;-24874.0070215666;-37755.103752803065;-26358.05434007804;-39054.97787690479;-29339.6507664773;-42937.50582396228;-35413.86865396005;-39009.871736632755;-31461.758887802313;-36771.398583327275;-29734.410673758244;-43541.55989947643;-31451.531733771873;-26720.6585750526;-45055.471950886735;-18795.212127736555;-42995.205291137456;-48239.999269234075;-39898.310251631425;-17717.671399907966;-31661.913591835215;-37798.367887435306;-36456.21001129286;-85266.55528977055;-67781.96978379815;-68753.66268480544;-307528.56015771575;-73338.07691634048;-47971.37268626507;-63179.14959452029;-27088.1086865173;-37429.37625339637;-23548.365075174945;-26983.274924464666;-132217.11465449346;-25487.50966749207;-35792.746564420355;-47842.62141556692;-38506.69338052105;-72376.69619048818;-68327.57742858387;-44042.5236127135;-30540.214344512155;-79046.404974931;;-10065.944507471948;-17813.738379935472;;;-6312.632061337904;;-22427.015318207596;1225.0;;;-64551.33386743248;;-50773.33395120133;-25931.07301373341;-69617.27410402322;-30803.334471841732;;-58131.968030752534;-38912.14121432006;-171164.62921437155;-101153.8486491887;-63326.13213137935;-101045.09296567956;-144367.27435979134;-15636.496428939687;-349075.8230529213;-68323.41386568901;-97363.89105373403;-41523.082325662486;-66466.2740019305;-70838.99761729522;-33549.171833970395;-105612.1200249914;-32497.26894103188;-56279.51631178839;-43656.67251974776;-96099.99044634057;-41355.988880529665;-140115.21253090052;-159937.30673315292;-158468.0105442112;-95145.64857984646;-48200.033027275305;-143052.4907959717;-44593.33901732916;-34585.82075297188;-27539.941831650187;-15819.065927493717;-17115.830358396794;-15917.896781556004;-32597.52192352135;-32222.52192352135;-20524.28287596704;;-24594.996360036595;-21213.57437350015;-17824.349872104438
13;-47869.20661735879;-28105.36263181985;-87379.70705196305;-45522.772855180585;-137345.61037388613;;-84257.81292901041;-38221.49814257816;-37336.95296445144;-37228.0001017187;-28332.590593069664;-24928.61790603991;-38137.06871839265;-57326.30280066048;-36489.74231339323;-82671.07023964917;-32110.565669802145;-13337.004314039214;-17008.68267321506;-15237.920333162721;-19814.237905203907;;-31255.783538803058;-18002.623383197097;-15128.711064417745;-35616.829672622436;-9836.142133296793;-23239.040553048904;;;;-71551.40796791615;-35153.518752926124;-51614.030113579465;-83943.1727278332;-101063.03087868453;-48254.32194375629;-116539.65498810422;-191051.71278859652;-55971.32598740816;-28532.016010317853;-50642.734062860756;-43548.24632059511;-43386.81371120966;-43823.442379113396;-37830.20850421938;-42344.530676390306;-42900.37437773687;-36118.480595982415;-36099.81379554286;-44080.9696361735;-34865.86859975887;-28815.751092003415;-54647.252160958735;-41117.95861690384;-40566.53515280171;-26676.284443208133;-24095.461567021146;-36614.449207348516;-25530.8497946235;-37840.068785995696;-28463.78713011367;-41618.62400578046;-34339.14138123278;-37762.28082754184;-30480.486160529585;-35666.38949241818;-28809.88794648552;-42279.92353584007;-30470.259006499145;-25893.45402959806;-43665.299223614005;-18203.212127736555;-41605.03256386473;-46635.95381468861;-38589.94661526779;-17160.694127180694;-30633.913591835215;-36550.776978344395;-35244.2645567474;-82675.55528977055;-65502.18796561633;-66663.86268480544;-298253.56015771575;-71089.9587345223;-46402.97268626507;-61057.68595815665;-26212.245050153666;-36214.46716248727;-22794.910529720404;-26107.411288101033;-128142.11465449345;-24660.30512203753;-34616.44656442035;-46238.57596102146;-37223.457016884684;-70160.24164503363;-66237.77742858387;-42581.05997634986;-29558.941617239427;-76367.07542947646;;-9756.51268929013;-17256.7611072082;;;-6125.207834065177;;-21727.37895457124;1225.0;;;-62429.87023106884;;-49063.497587564976;-25103.86846827887;-67527.47410402322;-29822.061744569004;;-56232.14984893436;-37650.5048506837;-166014.62921437155;-98126.90319464324;-61426.313949561176;-98018.1475111341;-140042.27435979134;-15141.405519848777;-338600.8230529213;-66265.27750205266;-94449.05469009766;-40275.491416571575;-64471.46491102141;-68454.09989002248;-32474.444561243123;-102445.03820680956;-31422.54166830461;-54411.361766333845;-42230.854337929566;-92876.8540827042;-40001.46160780238;-135715.21253090052;-154912.30673315292;-153493.0105442112;-91950.53948893736;-46631.633027275304;-138327.4907959717;-43131.875380965525;-33464.366207517334;-26664.078195286555;-15323.975018402807;-16577.648540214977;-15422.805872465095;-31569.52192352135;-31194.52192352135;-19878.464694148865;;-23816.450905491143;-20567.756191681972;-17267.372599377166
14;-46229.515708267885;-27180.83990454712;-84612.04796105395;-43954.37285518059;-132995.61037388613;;-81371.00383810133;-36938.2617789418;-36089.362055360536;-35980.4091926278;-27398.045138524216;-24101.413360585364;-36875.43235475629;-55426.48461884229;-35277.79685884778;-79815.08160328552;-31005.556578893058;-12903.799768584668;-16451.705400487783;-14742.829424071811;-19168.419723385723;;-30186.419902439426;-17410.623383197097;-14633.620155326835;-34401.920581713355;-9523.596678751339;-22460.49509850345;;;;-69107.62387700705;-33985.336934744315;-49867.4028408522;-81057.74090965137;-97615.67633322999;-46576.149216483565;-112614.65498810422;-184476.71278859652;-54103.17144195362;-27597.470555772405;-48932.89769922439;-42193.15541150421;-42031.722802118755;-42468.35147002249;-36615.2994133103;-40990.00340366304;-41545.847105009605;-34997.02605052787;-34978.35925008832;-42690.796908900775;-33760.85950884978;-27881.205637457966;-52936.27034277692;-39809.594980540205;-39318.94424371081;-25849.079897753585;-23316.91611247569;-35473.794661893975;-24703.645249168952;-36625.159695086615;-27587.923493750033;-40299.74218759865;-33264.41410850551;-36514.68991845094;-29499.213433256864;-34561.380401509094;-27885.36521921279;-41018.28717220371;-29488.986279226425;-25066.24948414351;-42275.12649634128;-17611.212127736555;-40214.859836592004;-45031.90836014316;-37281.58297890416;-16603.716854453418;-29605.913591835222;-35303.18606925349;-34032.31910220195;-80084.55528977055;-63222.40614743452;-64574.06268480545;-288978.56015771575;-68841.84055270412;-44834.57268626508;-58936.222321793015;-25336.38141379003;-34999.55807157819;-22041.455984265856;-25231.547651737397;-124067.11465449345;-23833.100576582983;-33440.146564420356;-44634.53050647601;-35940.220653248325;-67943.78709957909;-64147.97742858388;-41119.59633998623;-28577.668889966706;-73687.7458840219;;-9447.08087110831;-16699.783834480924;;;-5937.78360679245;;-21027.74259093487;1225.0;;;-60308.40659470521;;-47353.66122392861;-24276.663922824322;-65437.67410402321;-28840.789017296283;;-54332.331667116174;-36388.86848704734;-160864.62921437155;-95099.95774009779;-59526.49576774299;-94991.20205658865;-135717.27435979134;-14646.314610757867;-328125.8230529213;-64207.141138416286;-91534.2183264613;-39027.90050748067;-62476.655820112326;-66069.20216274975;-31399.71728851585;-99277.95638862775;-30347.814395577338;-52543.2072208793;-40805.03615611139;-89653.71771906783;-38646.934335075115;-131315.21253090052;-149887.30673315292;-148518.0105442112;-88755.43039802827;-45063.23302727531;-133602.4907959717;-41670.41174460189;-32342.911662062797;-25788.21455892292;-14828.884109311897;-16039.46672203316;-14927.714963374185;-30541.521923521355;-30166.521923521355;-19232.64651233068;;-23037.905450945687;-19921.93800986379;-16710.39532664989
15;-44589.82479917697;-26256.317177274395;-81844.38887014486;-42385.97285518058;-128645.61037388617;;-78484.19474719223;-35655.025415305434;-34841.771146269624;-34732.818283536886;-26463.499683978756;-23274.20881513082;-35613.79599111992;-53526.66643702411;-34065.851404302324;-76959.09296692189;-29900.547487983968;-12470.595223130122;-15894.728127760514;-14247.738514980903;-18522.60154156754;;-29117.056266075786;-16818.623383197097;-14138.529246235927;-33187.01149080425;-9211.051224205885;-21681.949643957996;;;;-66663.83978609796;-32817.15511656249;-48120.77556812492;-78172.30909146956;-94168.32178777544;-44897.976489210836;-108689.65498810422;-177901.71278859652;-52235.016896499066;-26662.925101226945;-47223.06133558803;-40838.06450241329;-40676.631893027836;-41113.26056093157;-35400.390322401196;-39635.476130935764;-40191.31983228233;-33875.57150507332;-33856.904704633766;-41300.624181628045;-32655.8504179407;-26946.660182912507;-51225.288524595104;-38501.231344176565;-38071.3533346199;-25021.87535229904;-22538.370657930238;-34333.14011643943;-23876.44070371441;-35410.25060417751;-26712.059857386397;-38980.86036941683;-32189.686835778237;-35267.09900936003;-28517.94070598413;-33456.37131060001;-26960.842491940064;-39756.65080856734;-28507.71355195369;-24239.044938688967;-40884.953769068554;-17019.212127736555;-38824.687109319275;-43427.86290559771;-35973.21934254052;-16046.739581726146;-28577.913591835215;-34055.59516016258;-32820.373647656495;-77493.55528977055;-60942.62432925269;-62484.26268480544;-279703.56015771575;-66593.72237088594;-43266.17268626507;-56814.75868542938;-24460.517777426394;-33784.64898066909;-21288.001438811312;-24355.68401537376;-119992.11465449345;-23005.89603112844;-32263.846564420346;-43030.485051930555;-34656.98428961196;-65727.33255412454;-62058.17742858386;-39658.13270362259;-27596.39616269397;-71008.41633856737;;-9137.649052926494;-16142.806561753658;;;-5750.359379519722;;-20328.106227298507;1225.0;;;-58186.94295834157;;-45643.82486029225;-23449.459377369778;-63347.8741040232;-27859.51629002355;;-52432.51348529799;-35127.23212341097;-155714.62921437155;-92073.01228555232;-57626.67758592481;-91964.25660204318;-131392.27435979134;-14151.223701666959;-317650.8230529213;-62149.00477477992;-88619.38196282493;-37780.30959838976;-60481.84672920323;-63684.304435477025;-30324.99001578857;-96110.87457044593;-29273.087122850062;-50675.052675424755;-39379.217974293206;-86430.58135543147;-37292.40706234784;-126915.21253090052;-144862.30673315292;-143543.0105442112;-85560.32130711917;-43494.8330272753;-128877.49079597175;-40208.948108238255;-31221.457116608246;-24912.350922559282;-14333.79320022099;-15501.284903851343;-14432.624054283277;-29513.52192352135;-29138.52192352135;-18586.828330512497;;-22259.359996400235;-19276.119828045605;-16153.418053922624
16;-42950.133890086065;-25331.794450001667;-79076.72977923579;-40817.57285518059;-124295.61037388617;;-75597.38565628314;-34371.789051669075;-33594.18023717871;-33485.227374445974;-25528.954229433304;-22447.004269676272;-34352.15962748356;-51626.848255205936;-32853.905949756874;-74103.10433055826;-28795.538397074877;-12037.390677675578;-15337.75085503324;-13752.647605889995;-17876.78335974936;;-28047.69262971215;-16226.623383197099;-13643.438337145019;-31972.10239989517;-8898.50576966043;-20903.40418941254;;;;-64220.05569518889;-31648.97329838067;-46374.148295397645;-75286.87727328774;-90720.9672423209;-43219.80376193811;-104764.65498810422;-171326.71278859652;-50366.862351044525;-25728.379646681493;-45513.22497195166;-39482.973593322386;-39321.54098393693;-39758.16965184067;-34185.481231492115;-38280.948858208496;-38836.79255955506;-32754.116959618786;-32735.450159179225;-39910.451454355316;-31550.841327031605;-26012.114728367054;-49514.306706413285;-37192.86770781293;-36823.762425528985;-24194.670806844493;-21759.825203384782;-33192.48557098488;-23049.23615825986;-34195.34151326843;-25836.19622102276;-37661.978551235006;-31114.959563050965;-34019.508100269115;-27536.667978711408;-32351.36221969091;-26036.319764667336;-38495.01444493098;-27526.44082468097;-23411.84039323442;-39494.781041795824;-16427.212127736555;-37434.514382046546;-41823.81745105225;-34664.85570617689;-15489.762308998872;-27549.913591835222;-32808.00425107167;-31608.42819311105;-74902.55528977055;-58662.84251107088;-60394.46268480545;-270428.56015771575;-64345.60418906776;-41697.772686265074;-54693.29504906574;-23584.654141062758;-32569.73988976001;-20534.546893356764;-23479.820379010125;-115917.11465449345;-22178.69148567389;-31087.546564420343;-41426.4395973851;-33373.7479259756;-63510.87800866999;-59968.37742858387;-38196.669067258954;-26615.12343542125;-68329.08679311283;;-8828.217234744676;-15585.829289026384;;;-5562.935152246995;;-19628.469863662147;1225.0;;;-56065.47932197793;;-43933.98849665588;-22622.25483191523;-61258.0741040232;-26878.243562750828;;-50532.69530347981;-33865.59575977461;-150564.62921437155;-89046.06683100687;-55726.85940410663;-88937.31114749773;-127067.27435979132;-13656.13279257605;-307175.8230529213;-60090.86841114356;-85704.54559918857;-36532.71868929885;-58487.03763829414;-61299.406708204304;-29250.262743061307;-92943.79275226411;-28198.359850122793;-48806.89812997021;-37953.39979247503;-83207.4449917951;-35937.87978962057;-122515.21253090052;-139837.30673315292;-138568.0105442112;-82365.21221621009;-41926.43302727531;-124152.49079597175;-38747.48447187462;-30100.002571153706;-24036.487286195646;-13838.702291130081;-14963.103085669525;-13937.533145192368;-28485.521923521355;-28110.521923521355;-17941.010148694317;;-21480.81454185478;-18630.301646227424;-15596.44078119535
17;-41310.442980995154;-24407.27172272894;-76309.07068832668;-39249.172855180586;-119945.61037388617;;-72710.57656537405;-33088.55268803271;-32346.589328087808;-32237.636465355066;-24594.40877488785;-21619.799724221728;-33090.52326384719;-49727.030073387745;-31641.960495211413;-71247.11569419462;-27690.529306165787;-11604.186132221032;-14780.773582305967;-13257.556696799085;-17230.965177931175;;-26978.328993348514;-15634.623383197099;-13148.347428054109;-30757.19330898607;-8585.960315114975;-20124.858734867084;;;;-61776.271604279784;-30480.791480198848;-44627.52102267038;-72401.44545510592;-87273.61269686634;-41541.631034665385;-100839.65498810422;-164751.71278859652;-48498.707805589984;-24793.834192136037;-43803.388608315305;-38127.882684231474;-37966.45007484602;-38403.078742749756;-32970.57214058301;-36926.42158548122;-37482.26528682779;-31632.662414164228;-31613.995613724666;-38520.27872708259;-30445.832236122515;-25077.5692738216;-47803.324888231466;-35884.504071449286;-35576.17151643807;-23367.46626138995;-20981.279748839326;-32051.831025530337;-22222.031612805316;-32980.43242235933;-24960.33258465912;-36343.09673305319;-30040.232290323685;-32771.9171911782;-26555.395251438673;-31246.353128781815;-25111.79703739461;-37233.37808129461;-26545.168097408234;-22584.635847779875;-38104.608314523095;-15835.212127736555;-36044.341654773816;-40219.7719965068;-33356.49206981324;-14932.785036271598;-26521.913591835215;-31560.413341980755;-30396.48273856559;-72311.55528977055;-56383.06069288906;-58304.66268480545;-261153.56015771575;-62097.48600724958;-40129.37268626507;-52571.831412702115;-22708.790504699118;-31354.830798850908;-19781.09234790222;-22603.956742646486;-111842.11465449345;-21351.486940219347;-29911.246564420344;-39822.39414283965;-32090.511562339234;-61294.423463215455;-57878.57742858387;-36735.20543089532;-25633.850708148515;-65649.75724765829;;-8518.785416562858;-15028.85201629911;;;-5375.510924974268;;-18928.83350002578;1225.0;;;-53944.0156856143;;-42224.152133019525;-21795.050286460686;-59168.27410402321;-25896.970835478092;;-48632.87712166163;-32603.959396138238;-145414.62921437155;-86019.12137646141;-53827.04122228845;-85910.36569295227;-122742.27435979132;-13161.04188348514;-296700.8230529213;-58032.7320475072;-82789.7092355522;-35285.127780207935;-56492.22854738505;-58914.508980931576;-28175.535470334027;-89776.7109340823;-27123.632577395514;-46938.743584515665;-36527.581610656845;-79984.30862815875;-34583.3525168933;-118115.21253090052;-134812.30673315292;-133593.0105442112;-79170.10312530099;-40358.033027275305;-119427.49079597175;-37286.020835510986;-28978.548025699154;-23160.623649832007;-13343.611382039171;-14424.921267487705;-13442.442236101459;-27457.521923521348;-27082.521923521348;-17295.191966876133;;-20702.269087309323;-17984.48346440924;-15039.463508468076
18;-39670.752071904244;-23482.748995456215;-73541.4115974176;-37680.772855180585;-115595.61037388617;;-69823.76747446496;-31805.316324396335;-31098.998418996904;-30990.045556264162;-23659.863320342396;-20792.595178767184;-31828.886900210833;-47827.21189156957;-30430.01504066596;-68391.12705783098;-26585.520215256696;-11170.981586766486;-14223.796309578693;-12762.465787708175;-16585.146996112995;;-25908.965356984878;-15042.623383197099;-12653.256518963199;-29542.284218076988;-8273.41486056952;-19346.313280321632;;;;-59332.48751337069;-29312.609662017036;-42880.893749943105;-69516.0136369241;-83826.2581514118;-39863.45830739265;-96914.65498810422;-158176.71278859652;-46630.55326013543;-23859.288737590585;-42093.55224467893;-36772.79177514057;-36611.359165755115;-37047.98783365885;-31755.663049673934;-35571.894312753946;-36127.73801410051;-30511.20786870969;-30492.54106827013;-37130.105999809864;-29340.823145213424;-24143.023819276146;-46092.34307004965;-34576.140435085654;-34328.58060734717;-22540.261715935405;-20202.734294293874;-30911.176480075792;-21394.827067350772;-31765.523331450244;-24084.46894829549;-35024.21491487137;-28965.505017596417;-31524.326282087302;-25574.122524165952;-30141.34403787273;-24187.274310121884;-35971.74171765825;-25563.895370135513;-21757.43130232533;-36714.43558725037;-15243.212127736555;-34654.168927501094;-38615.72654196135;-32048.128433449605;-14375.807763544324;-25493.913591835215;-30312.82243288985;-29184.537284020138;-69720.55528977055;-54103.27887470723;-56214.86268480545;-251878.56015771575;-59849.367825431385;-38560.97268626507;-50450.36777633846;-21832.926868335486;-30139.921707941827;-19027.637802447673;-21728.093106282853;-107767.11465449345;-20524.282394764803;-28734.946564420345;-38218.348688294194;-30807.275198702868;-59077.9689177609;-55788.77742858387;-35273.741794531685;-24652.577980875794;-62970.42770220373;;-8209.353598381038;-14471.874743571836;;;-5188.08669770154;;-18229.19713638942;1225.0;;;-51822.552049250655;;-40514.31576938315;-20967.845741006142;-57078.474104023204;-24915.69810820537;;-46733.058939843446;-31342.323032501878;-140264.62921437155;-82992.17592191596;-51927.223040470264;-82883.42023840682;-118417.27435979132;-12665.95097439423;-286225.8230529213;-55974.59568387083;-79874.87287191584;-34037.53687111703;-54497.41945647595;-56529.61125365884;-27100.808197606755;-86609.62911590048;-26048.905304668246;-45070.58903906112;-35101.76342883866;-76761.17226452238;-33228.82524416602;-113715.21253090052;-129787.30673315289;-128618.0105442112;-75974.9940343919;-38789.633027275304;-114702.49079597175;-35824.55719914735;-27857.093480244614;-22284.760013468374;-12848.520472948261;-13886.739449305887;-12947.351327010549;-26429.52192352135;-26054.52192352135;-16649.373785057953;;-19923.72363276387;-17338.66528259106;-14482.486235740802
19;-38031.061162813334;-22558.226268183487;-70773.7525065085;-36112.37285518058;-111245.61037388617;;-66936.95838355587;-30522.079960759973;-29851.407509905992;-29742.45464717325;-22725.31786579694;-19965.390633312636;-30567.250536574473;-45927.39370975138;-29218.069586120502;-65535.13842146735;-25480.511124347602;-10737.77704131194;-13666.819036851422;-12267.374878617267;-15939.328814294811;;-24839.60172062124;-14450.623383197099;-12158.16560987229;-28327.375127167896;-7960.869406024066;-18567.767825776176;;;;-56888.70342246161;-28144.427843835216;-41134.266477215824;-66630.58181874228;-80378.90360595727;-38185.285580119926;-92989.65498810422;-151601.71278859652;-44762.39871468089;-22924.74328304513;-40383.715881042575;-35417.70086604966;-35256.2682566642;-35692.89692456794;-30540.753958764843;-34217.36704002667;-34773.21074137324;-29389.753323255147;-29371.086522815585;-35739.933272537135;-28235.81405430433;-23208.47836473069;-44381.36125186783;-33267.77679872202;-33080.98969825626;-21713.057170480857;-19424.188839748418;-29770.521934621243;-20567.622521896224;-30550.614240541152;-23208.60531193185;-33705.33309668955;-27890.777744869145;-30276.73537299639;-24592.849796893224;-29036.334946963634;-23262.751582849156;-34710.105354021885;-24582.622642862785;-20930.226756870783;-35324.26285997764;-14651.212127736555;-33263.996200228365;-37011.681087415884;-30739.764797085973;-13818.830490817054;-24465.913591835215;-29065.23152379894;-27972.59182947468;-67129.55528977055;-51823.49705652542;-54125.062684805445;-242603.56015771575;-57601.249643613206;-36992.57268626507;-48328.90413997484;-20957.063231971846;-28925.012617032735;-18274.18325699313;-20852.229469919213;-103692.11465449345;-19697.077849310255;-27558.64656442034;-36614.30323374873;-29524.038835066505;-56861.51437230636;-53698.977428583865;-33812.27815816805;-23671.305253603066;-60291.0981567492;;-7899.921780199219;-13914.897470844566;;;-5000.662470428813;;-17529.560772753055;1225.0;;;-49701.088412887024;;-38804.479405746795;-20140.641195551594;-54988.6741040232;-23934.425380932644;;-44833.24075802526;-30080.686668865514;-135114.62921437155;-79965.23046737051;-50027.40485865208;-79856.47478386137;-114092.27435979132;-12170.860065303323;-275750.8230529213;-53916.45932023447;-76960.03650827949;-32789.94596202612;-52502.61036556686;-54144.71352638612;-26026.080924879483;-83442.54729771866;-24974.178031940974;-43202.434493606575;-33675.94524702048;-73538.03590088603;-31874.297971438747;-109315.21253090052;-124762.30673315289;-123643.0105442112;-72779.88494348282;-37221.2330272753;-109977.49079597175;-34363.09356278371;-26735.63893479007;-21408.896377104735;-12353.429563857353;-13348.557631124071;-12452.26041791964;-25401.52192352135;-25026.52192352135;-16003.55560323977;;-19145.178178218415;-16692.847100772877;-13925.508963013532
20;-36391.37025372242;-21633.70354091076;-68006.0934155994;-34543.97285518058;-106895.61037388617;;-64050.149292646776;-29238.84359712361;-28603.816600815084;-28494.863738082342;-21790.772411251488;-19138.186087858096;-29305.614172938105;-44027.5755279332;-28006.12413157505;-62679.149785103706;-24375.50203343851;-10304.572495857394;-13109.841764124149;-11772.283969526357;-15293.51063247663;;-23770.238084257602;-13858.623383197099;-11663.07470078138;-27112.466036258804;-7648.323951478612;-17789.222371230724;;;;-54444.91933155251;-26976.246025653396;-39387.63920448855;-63745.15000056046;-76931.54906050273;-36507.1128528472;-89064.65498810422;-145026.71278859652;-42894.244169226346;-21990.197828499677;-38673.87951740621;-34062.60995695875;-33901.1773475733;-34337.806015477036;-29325.84486785575;-32862.839767299396;-33418.68346864596;-28268.2987778006;-28249.631977361034;-34349.760545264406;-27130.80496339524;-22273.932910185238;-42670.37943368601;-31959.41316235838;-31833.398789165352;-20885.852625026317;-18645.643385202966;-28629.8673891667;-19740.417976441684;-29335.70514963206;-22332.741675568217;-32386.451278507735;-26816.050472141873;-29029.144463905483;-23611.577069620496;-27931.325856054544;-22338.228855576428;-33448.468990385525;-23601.349915590057;-20103.022211416242;-33934.090132704914;-14059.212127736551;-31873.823472955635;-35407.635632870435;-29431.401160722333;-13261.85321808978;-23437.913591835215;-27817.64061470803;-26760.646374929227;-64538.55528977056;-49543.715238343604;-52035.26268480545;-233328.56015771575;-55353.13146179503;-35424.17268626507;-46207.4405036112;-20081.199595608214;-27710.103526123643;-17520.72871153858;-19976.36583355558;-99617.11465449345;-18869.873303855715;-26382.346564420342;-35010.25777920328;-28240.802471430143;-54645.059826851815;-51609.17742858388;-32350.814521804416;-22690.03252633034;-57611.76861129464;;-7590.4899620174;-13357.920198117292;;;-4813.238243156086;;-16829.924409116687;1225.0;;;-47579.624776523386;;-37094.64304211043;-19313.436650097054;-52898.874104023205;-22953.152653659916;;-42933.422576207086;-28819.05030522915;-129964.62921437154;-76938.28501282506;-48127.586676833904;-76829.52932931592;-109767.27435979132;-11675.769156212413;-265275.8230529213;-51858.32295659811;-74045.20014464312;-31542.355052935214;-50507.80127465777;-51759.81579911339;-24951.35365215221;-80275.46547953686;-23899.4507592137;-41334.27994815203;-32250.1270652023;-70314.89953724966;-30519.770698711473;-104915.21253090052;-119737.30673315289;-118668.0105442112;-69584.77585257373;-35652.8330272753;-105252.49079597175;-32901.62992642007;-25614.18438933552;-20533.032740741102;-11858.338654766443;-12810.375812942251;-11957.16950882873;-24373.52192352135;-23998.52192352135;-15357.737421421589;;-18366.632723672963;-16047.028918954695;-13368.531690286258
21;-34751.67934463151;-20709.18081363803;-65238.43432469032;-32975.57285518059;-102545.61037388617;;-61163.340201737665;-27955.607233487244;-27356.225691724176;-27247.272828991434;-20856.226956706032;-18310.981542403548;-28043.977809301745;-42127.757346115024;-26794.178677029595;-59823.16114874009;-23270.49294252942;-9871.36795040285;-12552.864491396876;-11277.19306043545;-14647.692450658447;;-22700.874447893966;-13266.623383197099;-11167.983791690473;-25897.556945349712;-7335.778496933157;-17010.67691668527;;;;-52001.13524064342;-25808.06420747158;-37641.011931761284;-60859.71818237865;-73484.19451504816;-34828.94012557447;-85139.65498810422;-138451.71278859652;-41026.08962377179;-21055.65237395422;-36964.043153769846;-32707.519047867838;-32546.08643848239;-32982.715106386124;-28110.93577694666;-31508.312494572132;-32064.15619591869;-27146.84423234605;-27128.17743190649;-32959.58781799168;-26025.79587248615;-21339.387455639782;-40959.39761550419;-30651.049525994746;-30585.80788007444;-20058.64807957177;-17867.09793065751;-27489.212843712154;-18913.213430987136;-28120.796058722968;-21456.87803920458;-31067.569460325914;-25741.323199414597;-27781.553554814574;-22630.30434234777;-26826.316765145453;-21413.7061283037;-32186.832626749172;-22620.07718831733;-19275.817665961695;-32543.917405432192;-13467.212127736555;-30483.65074568291;-33803.59017832498;-28123.037524358697;-12704.875945362508;-22409.913591835215;-26570.049705617123;-25548.700920383773;-61947.555289770564;-47263.93342016178;-49945.46268480545;-224053.56015771575;-53105.01327997684;-33855.772686265074;-44085.97686724756;-19205.335959244578;-26495.19443521455;-16767.274166084037;-19100.502197191945;-95542.11465449345;-18042.668758401167;-25206.046564420343;-33406.21232465783;-26957.566107793777;-52428.605281397264;-49519.37742858387;-30889.350885440777;-21708.75979905761;-54932.4390658401;;-7281.058143835583;-12800.94292539002;;;-4625.8140158833585;;-16130.288045480322;1225.0;;;-45458.16114015975;;-35384.806678474066;-18486.232104642506;-50809.0741040232;-21971.879926387188;;-41033.6043943889;-27557.413941592786;-124814.62921437154;-73911.3395582796;-46227.76849501572;-73802.58387477045;-105442.27435979132;-11180.678247121505;-254800.82305292122;-49800.186592961734;-71130.36378100674;-30294.764143844306;-48512.99218374868;-49374.918071840664;-23876.62637942494;-77108.38366135502;-22824.723486486426;-39466.12540269748;-30824.308883384118;-67091.76317361329;-29165.243425984205;-100515.21253090052;-114712.30673315289;-113693.0105442112;-66389.66676166463;-34084.43302727531;-100527.49079597175;-31440.166290056437;-24492.729843880974;-19657.169104377466;-11363.247745675535;-12272.193994760433;-11462.078599737823;-23345.52192352135;-22970.52192352135;-14711.919239603407;;-17588.087269127507;-15401.210737136515;-12811.554417558986
22;-33111.98843554061;-19784.658086365303;-62470.77523378123;-31407.17285518058;-98195.61037388617;;-58276.53111082858;-26672.37086985088;-26108.634782633264;-25999.681919900522;-19921.681502160576;-17483.776996949;-26782.341445665377;-40227.93916429683;-25582.23322248414;-56967.17251237644;-22165.48385162033;-9438.163404948304;-11995.887218669603;-10782.10215134454;-14001.874268840267;;-21631.51081153033;-12674.623383197099;-10672.892882599563;-24682.64785444062;-7023.233042387703;-16232.131462139816;;;;-49557.35114973433;-24639.88238928976;-35894.38465903401;-57974.28636419683;-70036.83996959362;-33150.767398301745;-81214.65498810422;-131876.71278859652;-39157.93507831725;-20121.106919408765;-35254.20679013348;-31352.428138776926;-31190.99552939148;-31627.62419729522;-26896.026686037567;-30153.78522184486;-30709.62892319142;-26025.389686891507;-26006.722886451946;-31569.415090718954;-24920.78678157706;-20404.842001094326;-39248.41579732238;-29342.68588963111;-29338.21697098353;-19231.44353411722;-17088.552476112054;-26348.55829825761;-18086.00888553259;-26905.886967813876;-20581.01440284094;-29748.6876421441;-24666.595926687325;-26533.962645723663;-21649.03161507504;-25721.307674236363;-20489.183401030972;-30925.196263112804;-21638.8044610446;-18448.613120507147;-31153.744678159463;-12875.212127736555;-29093.478018410184;-32199.54472377952;-26814.67388799506;-12147.898672635234;-21381.913591835215;-25322.45879652621;-24336.75546583832;-59356.55528977056;-44984.15160197997;-47855.662684805444;-214778.56015771575;-50856.89509815866;-32287.372686265073;-41964.513230883924;-18329.472322880938;-25280.28534430546;-16013.819620629496;-18224.638560828305;-91467.11465449345;-17215.46421294662;-24029.746564420344;-31802.166870112374;-25674.329744157414;-50212.15073594272;-47429.57742858387;-29427.887249077143;-20727.487071784883;-52253.10952038555;;-6971.626325653764;-12243.965652662746;;;-4438.3897886106315;;-15430.651681843961;1225.0;;;-43336.69750379612;;-33674.9703148377;-17659.027559187958;-48719.2741040232;-20990.60719911446;;-39133.78621257072;-26295.77757795642;-119664.62921437154;-70884.39410373414;-44327.950313197536;-70775.638420225;-101117.27435979132;-10685.587338030595;-244325.82305292122;-47742.050229325374;-68215.5274173704;-29047.173234753394;-46518.183092839594;-46990.020344567936;-22801.899106697667;-73941.3018431732;-21749.996213759154;-37597.97085724294;-29398.490701565934;-63868.626809976915;-27810.716153256933;-96115.21253090052;-109687.30673315289;-108718.0105442112;-63194.55767075555;-32516.033027275305;-95802.49079597175;-29978.702653692802;-23371.27529842643;-18781.305468013827;-10868.156836584625;-11734.012176578615;-10966.987690646913;-22317.52192352135;-21942.52192352135;-14066.101057785227;;-16809.54181458205;-14755.392555318334;-12254.577144831712
